match_id,date,venue,event,match_type,total_overs,player_id,team,runs_scored,balls_faced,boundaries,sixes,balls_bowled,wickets,runs_given,bowled_lbw,maidens,catches,stumpings,run_outs,batting_points,bowling_points,fielding_points,total_fantasy_points,player1,player2,player3,player4,player5,player6,player7,player8,player9,player10,opponentplayer1,opponentplayer2,opponentplayer3,opponentplayer4,opponentplayer5,opponentplayer6,opponentplayer7,opponentplayer8,opponentplayer9,opponentplayer10,opponentplayer11
1082598,2017-04-10,Holkar Cricket Stadium,Indian Premier League,T20,20,c4487b84,Royal Challengers Bangalore,89,49,3,9,0,0,0,0,0,0,0,0,124,0,0,124,4329fbb5,0494fa6e,99d63244,c3a96caf,bd17b45f,f62772e5,85aae393,245c97cb,6834d1f2,57ee1fde,c03e2850,e798611a,2e171977,b681e71e,fe11caa6,d67d5f00,d9273ee7,759ac88f,ce820073,0a3d54b9,ce794613
1082602,2017-04-14,M Chinnaswamy Stadium,Indian Premier League,T20,20,c4487b84,Royal Challengers Bangalore,19,22,0,1,0,0,0,0,0,1,0,0,21,0,8,29,db584dad,ba607b88,99d63244,f62772e5,c3a96caf,bd17b45f,245c97cb,957532de,57ee1fde,76388dc8,b5da6c24,99b75528,740742ef,51a3c5ef,fb2d1dda,a757b0d8,5b8c830e,dbe50b21,8b5b6769,462411b3,13c35c9e
1082607,2017-04-16,M Chinnaswamy Stadium,Indian Premier League,T20,20,c4487b84,Royal Challengers Bangalore,29,32,1,2,0,0,0,0,0,1,0,0,34,0,8,42,ba607b88,c3a96caf,99d63244,4329fbb5,bd17b45f,f62772e5,350bb1b1,76388dc8,957532de,57ee1fde,29e95537,77255a9e,30a45b23,4a8a2e3b,e087956b,2a2e6343,26e5cabf,1abb78f8,1e66c162,2ed569a0,acee4cc4
1082617,2017-04-23,Eden Gardens,Indian Premier League,T20,20,c4487b84,Royal Challengers Bangalore,8,6,2,0,0,0,0,0,0,1,0,0,10,0,8,18,db584dad,ba607b88,c3a96caf,99d63244,bd17b45f,f62772e5,76388dc8,245c97cb,957532de,57ee1fde,9d430b40,bb345e0b,1c17e270,93b4fc78,3c6ffae8,271f83cd,94d7f855,4c5d73db,56ab442f,cc1e8c68,8d2c70ad
1082621,2017-04-27,M Chinnaswamy Stadium,Indian Premier League,T20,20,c4487b84,Royal Challengers Bangalore,5,12,0,0,0,0,0,0,0,2,0,0,-1,0,16,15,db584dad,ba607b88,12b610c2,99d63244,c3a96caf,f62772e5,76388dc8,957532de,18e6906e,57ee1fde,752f7486,b8a55852,1dc12ab9,b8d490fd,fe93fd9d,c03f1114,808f425a,7c7d63a2,871e9faf,b822e99c,f18ba07f
1082624,2017-04-29,Maharashtra Cricket Association Stadium,Indian Premier League,T20,20,c4487b84,Royal Challengers Bangalore,3,8,0,0,0,0,0,0,0,0,0,0,3,0,0,3,12b610c2,ba607b88,99d63244,dc9dd038,bd17b45f,f62772e5,350bb1b1,76388dc8,957532de,57ee1fde,29e95537,77255a9e,30a45b23,26e5cabf,4a8a2e3b,2a2e6343,f19ccfad,2f9d0389,1e66c162,23eeb873,acee4cc4
1082628,2017-05-01,Wankhede Stadium,Indian Premier League,T20,20,c4487b84,Royal Challengers Bangalore,43,28,3,3,0,0,0,0,0,0,0,0,60,0,0,60,ba607b88,c3a96caf,12b610c2,99d63244,4329fbb5,f62772e5,350bb1b1,957532de,18e6906e,57ee1fde,b5da6c24,99b75528,fb2d1dda,740742ef,a757b0d8,5b8c830e,119678fd,dbe50b21,51a3c5ef,a12e1d51,462411b3
1082633,2017-05-05,M Chinnaswamy Stadium,Indian Premier League,T20,20,c4487b84,Royal Challengers Bangalore,10,6,1,1,0,0,0,0,0,1,0,0,13,0,8,21,c3a96caf,db584dad,ba607b88,99d63244,4329fbb5,f62772e5,957532de,76388dc8,18e6906e,57ee1fde,e798611a,2be41edb,508a1ea7,c03e2850,fe11caa6,b681e71e,2e171977,759ac88f,0a3d54b9,ce820073,ce794613
1082636,2017-05-07,M Chinnaswamy Stadium,Indian Premier League,T20,20,c4487b84,Royal Challengers Bangalore,10,8,2,0,0,0,0,0,0,0,0,0,12,0,0,12,db584dad,c3a96caf,ba607b88,12b610c2,99d63244,f62772e5,957532de,76388dc8,18e6906e,57ee1fde,45eda7c8,9d430b40,94d7f855,bb345e0b,93b4fc78,3c6ffae8,acc1aeda,4c5d73db,cc1e8c68,98ae73b1,db31895a
1136563,2018-04-08,Eden Gardens,Indian Premier League,T20,20,c4487b84,Royal Challengers Bangalore,44,23,1,5,0,0,0,0,0,2,0,0,65,0,16,81,b8a55852,372455c4,ba607b88,f088b960,c3a96caf,4c5d73db,f19ccfad,cc1e8c68,fa2f1dde,57ee1fde,9d430b40,45eda7c8,1c17e270,fb2d1dda,c03f1114,0a509d6b,bbd41817,41eb4a4f,98ae73b1,f5180fe6,8d2c70ad
1136568,2018-04-13,M.Chinnaswamy Stadium,Indian Premier League,T20,20,c4487b84,Royal Challengers Bangalore,57,40,2,4,0,0,0,0,0,0,0,0,77,0,0,77,372455c4,b8a55852,ba607b88,f088b960,c3a96caf,4c5d73db,f19ccfad,cc1e8c68,fa2f1dde,57ee1fde,b17e2f24,00ea847a,b8d490fd,1c914163,944533a5,d9273ee7,2e171977,495d42a5,7c7d63a2,759ac88f,7d92277a
1136571,2018-04-15,M.Chinnaswamy Stadium,Indian Premier League,T20,20,c4487b84,Royal Challengers Bangalore,20,18,1,1,0,0,0,0,0,0,0,0,23,0,0,23,b8a55852,372455c4,ba607b88,c3a96caf,f62772e5,f19ccfad,4c5d73db,cc1e8c68,fa2f1dde,57ee1fde,29e95537,1a156c88,a4cc73aa,e087956b,99b75528,77255a9e,90de905a,7a8bd078,d2a989fc,1e66c162,b2a79f17
1136574,2018-04-17,Wankhede Stadium,Indian Premier League,T20,20,c4487b84,Royal Challengers Bangalore,1,2,0,0,0,0,0,0,0,1,0,0,1,0,8,9,ba607b88,372455c4,c3a96caf,8abdf100,f19ccfad,f088b960,4c5d73db,cc1e8c68,2f49c897,57ee1fde,271f83cd,0ebfb1ad,752f7486,740742ef,5b8c830e,a757b0d8,dbe50b21,51a3c5ef,a9fd84fb,462411b3,0a8fce53
1136579,2018-04-21,M.Chinnaswamy Stadium,Indian Premier League,T20,20,c4487b84,Royal Challengers Bangalore,90,40,10,5,0,0,0,0,0,1,0,0,124,0,8,132,372455c4,c03e2850,ba607b88,8abdf100,c3a96caf,f19ccfad,4c5d73db,cc1e8c68,2f49c897,57ee1fde,d1c36f5c,bb345e0b,85ec8e33,919a3be2,b681e71e,39a2dfa8,fb66ce1f,0994d0ae,9d80c5e1,f986ca1a,a818c1be
1136584,2018-04-25,M.Chinnaswamy Stadium,Indian Premier League,T20,20,c4487b84,Royal Challengers Bangalore,68,31,2,8,0,0,0,0,0,0,0,0,100,0,0,100,372455c4,ba607b88,8abdf100,c3a96caf,94d7f855,f62772e5,f19ccfad,cc1e8c68,2f49c897,57ee1fde,4329fbb5,70d205c9,1dc12ab9,c16d4035,fe93fd9d,4a8a2e3b,87e562a9,8b5b6769,23eeb873,1abb78f8,acee4cc4
1136595,2018-05-05,Maharashtra Cricket Association Stadium,Indian Premier League,T20,20,c4487b84,Royal Challengers Bangalore,1,4,0,0,0,0,0,0,0,0,0,0,1,0,0,1,b5da6c24,b8a55852,ba607b88,c3a96caf,94d7f855,e2db2409,13c35c9e,cc1e8c68,2f49c897,57ee1fde,4329fbb5,70d205c9,1dc12ab9,faa7365d,4a8a2e3b,87e562a9,fe93fd9d,7f048519,8b5b6769,f834dcfc,1abb78f8
1136599,2018-05-07,Rajiv Gandhi International Stadium,Indian Premier League,T20,20,c4487b84,Royal Challengers Bangalore,5,9,0,0,0,0,0,0,0,0,0,0,5,0,0,5,c03e2850,b5da6c24,ba607b88,bb351c23,c3a96caf,94d7f855,13c35c9e,cc1e8c68,2f49c897,57ee1fde,92aeac25,0a476045,d027ba9f,93b4fc78,7dc35884,3c6ffae8,fe11caa6,5f547c8b,2e81a32d,dcf81436,ce820073
1136605,2018-05-12,Arun Jaitley Stadium,Indian Premier League,T20,20,c4487b84,Royal Challengers Bangalore,72,37,4,6,0,0,0,0,0,1,0,0,102,0,8,110,b5da6c24,bb351c23,ba607b88,c3a96caf,f088b960,94d7f855,13c35c9e,cc1e8c68,2f49c897,57ee1fde,8b3e9c7c,d1c36f5c,85ec8e33,919a3be2,0994d0ae,f29185a1,f986ca1a,6b19d823,b410bd3d,1cb14aa4,a818c1be
1136608,2018-05-14,Holkar Cricket Stadium,Indian Premier League,T20,20,c4487b84,Royal Challengers Bangalore,0,0,0,0,0,0,0,0,0,0,0,0,0,0,0,0,ba607b88,b5da6c24,bb351c23,c3a96caf,f088b960,94d7f855,13c35c9e,cc1e8c68,2f49c897,57ee1fde,b17e2f24,db584dad,944533a5,b8d490fd,d9273ee7,00ea847a,2e171977,495d42a5,7c7d63a2,759ac88f,db31895a
1136611,2018-05-17,M.Chinnaswamy Stadium,Indian Premier League,T20,20,c4487b84,Royal Challengers Bangalore,69,41,12,1,0,0,0,0,0,1,0,0,95,0,8,103,b5da6c24,ba607b88,bb351c23,94d7f855,c3a96caf,f088b960,13c35c9e,cc1e8c68,2f49c897,57ee1fde,0a476045,92aeac25,d027ba9f,93b4fc78,73ad96ed,7dc35884,541f85c9,5f547c8b,dcf81436,ce820073,871e9faf
1136613,2018-05-19,Sawai Mansingh Stadium,Indian Premier League,T20,20,c4487b84,Royal Challengers Bangalore,53,35,7,0,0,0,0,0,0,0,0,0,72,0,0,72,ba607b88,b5da6c24,bb351c23,c3a96caf,94d7f855,f088b960,13c35c9e,cc1e8c68,2f49c897,57ee1fde,77255a9e,5574750c,29e95537,a4cc73aa,235c2bb6,90de905a,bd17b45f,7a8bd078,641ac5ff,1e66c162,b2a79f17
1175356,2019-03-23,MA Chidambaram Stadium,Indian Premier League,T20,20,c4487b84,Royal Challengers Bangalore,9,10,0,0,0,0,0,0,0,0,0,0,9,0,0,9,ba607b88,b5da6c24,bb351c23,48a1d7b7,a4e37e47,94d7f855,21d4e29b,57ee1fde,cc1e8c68,2f49c897,4329fbb5,70d205c9,1dc12ab9,99d63244,fe93fd9d,4a8a2e3b,87e562a9,23eeb873,1abb78f8,8b5b6769,acee4cc4
1175362,2019-03-28,M.Chinnaswamy Stadium,Indian Premier League,T20,20,c4487b84,Royal Challengers Bangalore,70,42,4,6,0,0,0,0,0,0,0,0,98,0,0,98,b5da6c24,bb351c23,ba607b88,48a1d7b7,94d7f855,a4e37e47,21d4e29b,57ee1fde,cc1e8c68,2f49c897,372455c4,740742ef,271f83cd,1c914163,a757b0d8,5b8c830e,dbe50b21,51a3c5ef,a9fd84fb,462411b3,a12e1d51
1175366,2019-03-31,Rajiv Gandhi International Stadium,Indian Premier League,T20,20,c4487b84,Royal Challengers Bangalore,1,2,0,0,0,0,0,0,0,0,0,0,1,0,0,1,b5da6c24,48a1d7b7,ba607b88,bb351c23,a4e37e47,94d7f855,441c72ae,cc1e8c68,2f49c897,57ee1fde,abb83e27,dcce6f09,0994d0ae,3c6ffae8,93b4fc78,73ad96ed,62af8546,5f547c8b,2e81a32d,ce820073,dcf81436
1175369,2019-04-02,Sawai Mansingh Stadium,Indian Premier League,T20,20,c4487b84,Royal Challengers Bangalore,13,9,2,0,0,0,0,0,0,0,0,0,15,0,0,15,ba607b88,b5da6c24,48a1d7b7,d9273ee7,bb351c23,f10e94c4,cc1e8c68,21d4e29b,57ee1fde,2f49c897,29e95537,99b75528,30a45b23,77255a9e,e087956b,bd17b45f,90de905a,5574750c,7a8bd078,0a3d54b9,d2a989fc
1175372,2019-04-05,M.Chinnaswamy Stadium,Indian Premier League,T20,20,c4487b84,Royal Challengers Bangalore,63,34,5,4,0,0,0,0,0,0,0,0,90,0,0,90,b5da6c24,ba607b88,d9273ee7,bb351c23,f10e94c4,f62772e5,21d4e29b,13c35c9e,57ee1fde,2f49c897,45eda7c8,9d430b40,1c17e270,fb2d1dda,c03f1114,bbd41817,b4b99816,98ae73b1,8d2c70ad,85e0cf10,2f9d0389
1178395,2019-04-07,M.Chinnaswamy Stadium,Indian Premier League,T20,20,c4487b84,Royal Challengers Bangalore,17,17,1,1,0,0,0,0,0,1,0,0,20,0,8,28,b5da6c24,ba607b88,d9273ee7,bb351c23,f10e94c4,f62772e5,13c35c9e,2f49c897,57ee1fde,21d4e29b,8b3e9c7c,0a476045,85ec8e33,c995d726,919a3be2,fb66ce1f,2e171977,39a2dfa8,e62dd25d,5bb1a1c4,b410bd3d
1178403,2019-04-13,Punjab Cricket Association IS Bindra Stadium,Indian Premier League,T20,20,c4487b84,Royal Challengers Bangalore,59,38,5,2,0,0,0,0,0,0,0,0,80,0,0,80,b5da6c24,ba607b88,d9273ee7,bb351c23,f10e94c4,f62772e5,cc1e8c68,2f49c897,57ee1fde,21d4e29b,b17e2f24,db584dad,00ea847a,f088b960,e94915e6,c3a96caf,3241e3fd,7c7d63a2,495d42a5,8cf9814c,e2db2409
1178406,2019-04-15,Wankhede Stadium,Indian Premier League,T20,20,c4487b84,Royal Challengers Bangalore,75,51,6,4,0,0,0,0,0,0,0,0,99,0,0,99,b5da6c24,ba607b88,bb351c23,d9273ee7,f10e94c4,f62772e5,cc1e8c68,2f49c897,57ee1fde,21d4e29b,372455c4,740742ef,271f83cd,752f7486,5b8c830e,dbe50b21,a757b0d8,4933f499,2ed569a0,462411b3,a12e1d51
1178414,2019-04-21,M.Chinnaswamy Stadium,Indian Premier League,T20,20,c4487b84,Royal Challengers Bangalore,25,20,3,1,0,0,0,0,0,2,0,0,30,0,16,46,b5da6c24,ba607b88,f10e94c4,d9273ee7,bb351c23,f62772e5,cc1e8c68,8fd1a8f5,21d4e29b,57ee1fde,4329fbb5,3355b542,1dc12ab9,70d205c9,99d63244,4a8a2e3b,fe93fd9d,87e562a9,1abb78f8,23eeb873,acee4cc4
1178417,2019-04-24,M.Chinnaswamy Stadium,Indian Premier League,T20,20,c4487b84,Royal Challengers Bangalore,82,46,3,7,0,0,0,0,0,3,0,0,113,0,28,141,b5da6c24,ba607b88,bb351c23,f10e94c4,d9273ee7,f19ccfad,cc1e8c68,13c35c9e,57ee1fde,21d4e29b,b17e2f24,db584dad,00ea847a,d67d5f00,3241e3fd,c3a96caf,495d42a5,a316d663,e2db2409,db31895a,8cf9814c
1178421,2019-04-28,Arun Jaitley Stadium,Indian Premier League,T20,20,c4487b84,Royal Challengers Bangalore,17,19,0,1,0,0,0,0,0,0,0,0,19,0,0,19,b5da6c24,ba607b88,a4e37e47,235c2bb6,6eb146d2,d9273ee7,f19ccfad,cc1e8c68,57ee1fde,21d4e29b,8b3e9c7c,0a476045,85ec8e33,919a3be2,c995d726,d014d5ac,2e171977,b410bd3d,6b19d823,e62dd25d,5bb1a1c4
1178424,2019-04-30,M.Chinnaswamy Stadium,Indian Premier League,T20,20,c4487b84,Royal Challengers Bangalore,10,4,2,0,0,0,0,0,0,0,0,0,12,0,0,12,ba607b88,d9273ee7,235c2bb6,6eb146d2,b5da6c24,f62772e5,cc1e8c68,21d4e29b,fa2f1dde,57ee1fde,a4cc73aa,50c6bc2b,29e95537,30a45b23,04a418e8,bd17b45f,da934ee8,7a8bd078,1e66c162,0a3d54b9,c6097d68
1178429,2019-05-04,M.Chinnaswamy Stadium,Indian Premier League,T20,20,c4487b84,Royal Challengers Bangalore,1,2,0,0,0,0,0,0,0,0,0,0,1,0,0,1,b5da6c24,ba607b88,48a1d7b7,6eb146d2,94d7f855,f19ccfad,cc1e8c68,fa2f1dde,57ee1fde,21d4e29b,fe11caa6,2be41edb,93b4fc78,d027ba9f,0994d0ae,3c6ffae8,62af8546,5f547c8b,2e81a32d,a2f46292,871e9faf
1216494,2020-10-21,Sheikh Zayed Stadium,Indian Premier League,T20,20,c4487b84,Royal Challengers Bangalore,0,0,0,0,0,0,0,0,0,2,0,0,0,0,16,16,2c25d4f5,b8d490fd,6eb146d2,ba607b88,fb66ce1f,f19ccfad,ac5ae4af,21d4e29b,57ee1fde,2f49c897,b4b99816,77255a9e,fb2d1dda,25f7b7d6,c03f1114,d2a6c0e6,ded9240e,8d2c70ad,2f9d0389,85e0cf10,5b7ab5a9
1216499,2020-10-28,Sheikh Zayed Stadium,Indian Premier League,T20,20,c4487b84,Royal Challengers Bangalore,15,12,1,1,0,0,0,0,0,0,0,0,18,0,0,18,39086549,2c25d4f5,ba607b88,a4e37e47,fb66ce1f,6eb146d2,f19ccfad,57ee1fde,2f49c897,8fd1a8f5,372455c4,752f7486,271f83cd,709b0bac,5b8c830e,dbe50b21,a757b0d8,f752db61,2ed569a0,a818c1be,462411b3
1216502,2020-10-31,Sharjah Cricket Stadium,Indian Premier League,T20,20,c4487b84,Royal Challengers Bangalore,24,25,1,1,0,0,0,0,0,0,0,0,27,0,0,27,39086549,2c25d4f5,ba607b88,f19ccfad,6eb146d2,fb66ce1f,ac5ae4af,2f49c897,21d4e29b,57ee1fde,dcce6f09,fe11caa6,93b4fc78,d027ba9f,f29185a1,0f721006,8e514b4c,5f547c8b,9d80c5e1,ce820073,ce794613
1216505,2020-11-02,Sheikh Zayed Stadium,Indian Premier League,T20,20,c4487b84,Royal Challengers Bangalore,35,21,1,2,0,0,0,0,0,0,0,0,48,0,0,48,39086549,2c25d4f5,ba607b88,fb66ce1f,a4e37e47,f19ccfad,ac5ae4af,f9e6e7ef,2f49c897,57ee1fde,8b3e9c7c,0a476045,29e95537,85ec8e33,919a3be2,d9273ee7,2e171977,caf69bf7,495d42a5,e62dd25d,acdc62f5
1216510,2020-09-24,Dubai International Cricket Stadium,Indian Premier League,T20,20,c4487b84,Royal Challengers Bangalore,28,20,4,1,0,0,0,0,0,1,0,0,36,0,8,44,2c25d4f5,b8d490fd,39086549,ba607b88,f19ccfad,a4e37e47,cc1e8c68,21d4e29b,8fd1a8f5,57ee1fde,b17e2f24,00ea847a,3241e3fd,b681e71e,944533a5,9219eff0,f088b960,8cf9814c,a1d053dd,df064e1a,e2db2409
1216514,2020-10-03,Sheikh Zayed Stadium,Indian Premier League,T20,20,c4487b84,Royal Challengers Bangalore,12,10,1,0,0,0,0,0,0,0,0,0,13,0,0,13,2c25d4f5,b8d490fd,ba607b88,a4e37e47,6eb146d2,f19ccfad,ac5ae4af,21d4e29b,57ee1fde,14f96089,99b75528,30a45b23,a4cc73aa,1c17e270,da934ee8,04a418e8,39a2dfa8,5574750c,e86754b2,7a8bd078,1e66c162
1216519,2020-10-05,Dubai International Cricket Stadium,Indian Premier League,T20,20,c4487b84,Royal Challengers Bangalore,9,6,2,0,0,0,0,0,0,1,0,0,11,0,8,19,2c25d4f5,b8d490fd,ba607b88,bb351c23,f19ccfad,a4e37e47,ac5ae4af,21d4e29b,2f49c897,57ee1fde,8b3e9c7c,0a476045,85ec8e33,919a3be2,d9273ee7,48a1d7b7,2e171977,495d42a5,e62dd25d,acdc62f5,f986ca1a
1216522,2020-10-17,Dubai International Cricket Stadium,Indian Premier League,T20,20,c4487b84,Royal Challengers Bangalore,55,23,1,6,0,0,0,0,0,1,0,0,82,0,8,90,2c25d4f5,b8d490fd,ba607b88,6eb146d2,fb66ce1f,f19ccfad,f9e6e7ef,ac5ae4af,21d4e29b,57ee1fde,1c17e270,e087956b,a4cc73aa,30a45b23,99b75528,39a2dfa8,5574750c,04a418e8,7a8bd078,1e66c162,5d2eea49
1216525,2020-10-10,Dubai International Cricket Stadium,Indian Premier League,T20,20,c4487b84,Royal Challengers Bangalore,0,2,0,0,0,0,0,0,0,1,0,0,-2,0,8,6,2c25d4f5,b8d490fd,ba607b88,f19ccfad,a4e37e47,6eb146d2,fb66ce1f,ac5ae4af,21d4e29b,57ee1fde,4329fbb5,3355b542,70d205c9,bd54eef5,4a8a2e3b,e94915e6,fe93fd9d,87e562a9,23eeb873,1abb78f8,119678fd
1216531,2020-10-15,Sharjah Cricket Stadium,Indian Premier League,T20,20,c4487b84,Royal Challengers Bangalore,2,5,0,0,0,0,0,0,0,0,0,0,2,0,0,2,b8d490fd,2c25d4f5,ba607b88,f19ccfad,a4e37e47,fb66ce1f,ac5ae4af,21d4e29b,57ee1fde,2f49c897,b17e2f24,00ea847a,db584dad,3241e3fd,b681e71e,73ad96ed,ffe699c0,e2db2409,df064e1a,8cf9814c,244048f6
1216534,2020-09-21,Dubai International Cricket Stadium,Indian Premier League,T20,20,c4487b84,Royal Challengers Bangalore,51,30,4,2,0,0,0,0,0,0,0,0,71,0,0,71,2c25d4f5,b8d490fd,ba607b88,a4e37e47,39086549,f19ccfad,cc1e8c68,21d4e29b,8fd1a8f5,57ee1fde,dcce6f09,abb83e27,93b4fc78,bb965e9a,0994d0ae,f29185a1,5f547c8b,2e81a32d,ce820073,3d8feaf8,ce794613
1216540,2020-10-12,Sharjah Cricket Stadium,Indian Premier League,T20,20,c4487b84,Royal Challengers Bangalore,73,34,5,6,0,0,0,0,0,0,0,0,104,0,0,104,b8d490fd,2c25d4f5,ba607b88,fb66ce1f,f19ccfad,a4e37e47,ac5ae4af,21d4e29b,57ee1fde,2f49c897,25f7b7d6,b4b99816,fb2d1dda,d2a6c0e6,c03f1114,bbd41817,77255a9e,ded9240e,b4f5c2d9,5b7ab5a9,85e0cf10
1216544,2020-10-25,Dubai International Cricket Stadium,Indian Premier League,T20,20,c4487b84,Royal Challengers Bangalore,39,36,4,0,0,0,0,0,0,0,0,0,47,0,0,47,2c25d4f5,b8d490fd,ba607b88,bb351c23,fb66ce1f,6eb146d2,f19ccfad,21d4e29b,57ee1fde,2f49c897,45a43fe2,3355b542,70d205c9,4a8a2e3b,bd54eef5,fe93fd9d,e94915e6,e4a0deae,23eeb873,acee4cc4,fb24e76c
1216547,2020-09-28,Dubai International Cricket Stadium,Indian Premier League,T20,20,c4487b84,Royal Challengers Bangalore,61,28,5,4,0,0,0,0,0,1,0,0,88,0,8,96,2c25d4f5,b8d490fd,ba607b88,a4e37e47,6eb146d2,f19ccfad,ac5ae4af,21d4e29b,57ee1fde,14f96089,740742ef,372455c4,271f83cd,752f7486,dbe50b21,a757b0d8,5b8c830e,f752db61,2ed569a0,a818c1be,462411b3
1237178,2020-11-06,Sheikh Zayed Stadium,Indian Premier League,T20,20,c4487b84,Royal Challengers Bangalore,56,44,5,0,0,0,0,0,0,3,0,0,69,0,28,97,ba607b88,2c25d4f5,b8d490fd,bb351c23,a4e37e47,f19ccfad,21d4e29b,2f49c897,57ee1fde,14f96089,dcce6f09,541f85c9,93b4fc78,d027ba9f,bb965e9a,0f721006,8e514b4c,5f547c8b,9d80c5e1,ce820073,ce794613
1254058,2021-04-09,"MA Chidambaram Stadium, Chepauk, Chennai",Indian Premier League,T20,20,c4487b84,Royal Challengers Bangalore,48,27,4,2,0,0,0,0,0,1,0,0,66,0,8,74,f19ccfad,ba607b88,c740ea83,b681e71e,f9e6e7ef,2a2e6343,68c56d09,f986ca1a,2f49c897,57ee1fde,740742ef,45eda7c8,271f83cd,752f7486,dbe50b21,a757b0d8,5b8c830e,81c36ee9,2ed569a0,462411b3,a818c1be
1254063,2021-04-14,"MA Chidambaram Stadium, Chepauk, Chennai",Indian Premier League,T20,20,c4487b84,Royal Challengers Bangalore,1,5,0,0,0,0,0,0,0,1,0,0,1,0,8,9,ba607b88,2c25d4f5,f9e6e7ef,b681e71e,f19ccfad,2a2e6343,68c56d09,f986ca1a,2f49c897,57ee1fde,fe11caa6,dcce6f09,93b4fc78,abb83e27,8e514b4c,0994d0ae,0f721006,5f547c8b,2e81a32d,9d80c5e1,ce794613
1254067,2021-04-18,"MA Chidambaram Stadium, Chepauk, Chennai",Indian Premier League,T20,20,c4487b84,Royal Challengers Bangalore,76,36,9,3,0,0,0,0,0,1,0,0,105,0,8,113,ba607b88,2c25d4f5,c740ea83,b681e71e,68c56d09,f19ccfad,f9e6e7ef,f986ca1a,2f49c897,57ee1fde,fb2d1dda,b4b99816,77255a9e,d2a6c0e6,c03f1114,7dc35884,bbd41817,ded9240e,8b5b6769,5b7ab5a9,85e0cf10
1254073,2021-04-22,"Wankhede Stadium, Mumbai",Indian Premier League,T20,20,c4487b84,Royal Challengers Bangalore,0,0,0,0,0,0,0,0,0,1,0,0,0,0,8,8,ba607b88,2c25d4f5,b681e71e,f19ccfad,68c56d09,f9e6e7ef,f986ca1a,2f49c897,dfc4d8b5,57ee1fde,99b75528,c03e2850,a4cc73aa,d67d5f00,a4e37e47,04a418e8,39a2dfa8,fb66ce1f,7a8bd078,2cdce1be,0a8fce53
1254076,2021-04-25,"Wankhede Stadium, Mumbai",Indian Premier League,T20,20,c4487b84,Royal Challengers Bangalore,4,9,0,0,0,0,0,0,0,0,0,0,4,0,0,4,ba607b88,2c25d4f5,f19ccfad,b681e71e,2a2e6343,68c56d09,f986ca1a,21d4e29b,57ee1fde,2f49c897,45a43fe2,3355b542,1dc12ab9,70d205c9,fe93fd9d,4a8a2e3b,87e562a9,e94915e6,1abb78f8,23eeb873,acee4cc4
1254079,2021-04-27,"Narendra Modi Stadium, Ahmedabad",Indian Premier League,T20,20,c4487b84,Royal Challengers Bangalore,75,43,3,5,0,0,0,0,0,3,0,0,102,0,28,130,ba607b88,2c25d4f5,c740ea83,b681e71e,f19ccfad,caf69bf7,68c56d09,f986ca1a,2f49c897,57ee1fde,8b3e9c7c,0a476045,30a45b23,919a3be2,d9273ee7,48a1d7b7,2e171977,e62dd25d,eef2536f,6b19d823,5bb1a1c4
1254083,2021-04-30,"Narendra Modi Stadium, Ahmedabad",Indian Premier League,T20,20,c4487b84,Royal Challengers Bangalore,3,9,0,0,0,0,0,0,0,1,0,0,3,0,8,11,ba607b88,2c25d4f5,c740ea83,b681e71e,f9e6e7ef,caf69bf7,68c56d09,f986ca1a,2f49c897,57ee1fde,b17e2f24,9418198b,db584dad,3241e3fd,73ad96ed,7dcb9bc9,c05edf8e,64775749,df064e1a,8cf9814c,ffe699c0
1254087,2021-09-20,"Zayed Cricket Stadium, Abu Dhabi",Indian Premier League,T20,20,c4487b84,Royal Challengers Bangalore,0,1,0,0,0,0,0,0,0,0,0,0,-2,0,0,-2,ba607b88,2c25d4f5,44a89551,b681e71e,dc9dd038,a97c8ec2,68c56d09,f986ca1a,2f49c897,57ee1fde,b4b99816,a24be938,bbd41817,fb2d1dda,77255a9e,d2a6c0e6,c03f1114,2f9d0389,9d430b40,5b7ab5a9,85e0cf10
1254090,2021-10-03,Sharjah Cricket Stadium,Indian Premier League,T20,20,c4487b84,Royal Challengers Bangalore,23,18,1,2,0,0,0,0,0,0,0,0,28,0,0,28,ba607b88,2c25d4f5,2a2e6343,b681e71e,f9e6e7ef,44a89551,be869ccf,f986ca1a,2f49c897,57ee1fde,b17e2f24,00ea847a,3241e3fd,6a26221c,f088b960,7dcb9bc9,32198ae0,c05edf8e,df064e1a,8cf9814c,244048f6
1254095,2021-10-06,"Zayed Cricket Stadium, Abu Dhabi",Indian Premier League,T20,20,c4487b84,Royal Challengers Bangalore,19,13,1,1,0,0,0,0,0,2,0,0,24,0,16,40,ba607b88,2c25d4f5,2a2e6343,44a89551,b681e71e,f9e6e7ef,be869ccf,f986ca1a,2f49c897,57ee1fde,d1c36f5c,f29185a1,d027ba9f,bb965e9a,8e514b4c,fe11caa6,0f721006,5f547c8b,2e81a32d,dcf81436,81c08fa3
1254101,2021-10-08,Dubai International Cricket Stadium,Indian Premier League,T20,20,c4487b84,Royal Challengers Bangalore,26,26,2,1,0,0,0,0,0,0,0,0,30,0,0,30,ba607b88,2c25d4f5,44a89551,b681e71e,2a2e6343,f9e6e7ef,be869ccf,f986ca1a,2f49c897,57ee1fde,8b3e9c7c,0a476045,919a3be2,85ec8e33,48a1d7b7,60500956,2e171977,495d42a5,e62dd25d,eef2536f,acdc62f5
1254103,2021-09-29,Dubai International Cricket Stadium,Indian Premier League,T20,20,c4487b84,Royal Challengers Bangalore,4,1,1,0,0,0,0,0,0,2,0,0,5,0,16,21,ba607b88,2c25d4f5,44a89551,b681e71e,2a2e6343,f9e6e7ef,be869ccf,f986ca1a,2f49c897,57ee1fde,0ebfb1ad,6c19c6e5,a4cc73aa,da934ee8,50c6bc2b,39a2dfa8,04a418e8,fb66ce1f,2cdce1be,5d2eea49,0a8fce53
1254108,2021-09-26,Dubai International Cricket Stadium,Indian Premier League,T20,20,c4487b84,Royal Challengers Bangalore,11,7,1,1,0,0,0,0,0,0,0,0,14,0,0,14,ba607b88,2c25d4f5,44a89551,b681e71e,2a2e6343,f9e6e7ef,68c56d09,f986ca1a,2f49c897,57ee1fde,740742ef,372455c4,752f7486,271f83cd,5b8c830e,a757b0d8,dbe50b21,350bb1b1,2ed569a0,462411b3,a818c1be
1254113,2021-09-24,Sharjah Cricket Stadium,Indian Premier League,T20,20,c4487b84,Royal Challengers Bangalore,12,11,0,1,0,0,0,0,0,1,0,0,14,0,8,22,ba607b88,2c25d4f5,b681e71e,f1f99156,f986ca1a,a97c8ec2,44a89551,21d4e29b,2f49c897,57ee1fde,45a43fe2,3355b542,bb351c23,70d205c9,1dc12ab9,4a8a2e3b,fe93fd9d,87e562a9,1abb78f8,23eeb873,03806cf8
1254115,2021-10-11,Sharjah Cricket Stadium,Indian Premier League,T20,20,c4487b84,Royal Challengers Bangalore,11,9,1,0,0,0,0,0,0,2,0,0,12,0,16,28,2c25d4f5,ba607b88,44a89551,b681e71e,f9e6e7ef,2a2e6343,f986ca1a,be869ccf,2f49c897,57ee1fde,b4b99816,a24be938,77255a9e,fb2d1dda,9d430b40,c03f1114,d2a6c0e6,7dc35884,2f9d0389,c38d3503,5b7ab5a9
336001,2008-05-02,"MA Chidambaram Stadium, Chepauk",Indian Premier League,T20,20,c4487b84,Delhi Daredevils,26,22,2,0,0,0,0,0,0,0,0,0,28,0,0,28,bb345e0b,8ba8195d,0a476045,64c34cd0,c03f1114,33a364a6,93a17209,ee7d0c82,9fc0ef64,e03b66ec,b5da6c24,eea6b7f1,756389bd,4a8a2e3b,c3d35165,1dc12ab9,3576e47e,9f961c14,20a941bb,ae78bc32,4ba44e19
336004,2008-05-04,Dr DY Patil Sports Academy,Indian Premier League,T20,20,c4487b84,Delhi Daredevils,21,17,2,1,0,0,0,0,0,1,0,0,25,0,8,33,bb345e0b,8ba8195d,0a476045,64c34cd0,c03f1114,33a364a6,9fc0ef64,93a17209,e03b66ec,ee7d0c82,4e04666c,f233bbb4,7d3937ed,1c17e270,87e562a9,a45a5e8d,88fccd6c,709b0bac,5f4e9e8f,96fd40ae,d2a989fc
336009,2008-05-08,Feroz Shah Kotla,Indian Premier League,T20,20,c4487b84,Delhi Daredevils,0,1,0,0,0,0,0,0,0,2,0,0,-2,0,16,14,bb345e0b,8ba8195d,0a476045,64c34cd0,c03f1114,26e5cabf,93a17209,ee7d0c82,e03b66ec,9fc0ef64,756389bd,eea6b7f1,4a8a2e3b,1dc12ab9,c3d35165,cfad138c,3576e47e,ae78bc32,6ad3a659,4ba44e19,b2b50355
336015,2008-05-11,Sawai Mansingh Stadium,Indian Premier League,T20,20,c4487b84,Delhi Daredevils,20,23,0,0,0,0,0,0,0,0,0,1,20,0,6,26,bb345e0b,8ba8195d,0a476045,c03f1114,5bdcdb72,6b19d823,ab89348d,93a17209,ee7d0c82,9fc0ef64,3c6ffae8,72861603,d84378a4,4329fbb5,fe93fd9d,3edb58fc,bb18be76,a2870fb7,de8d3876,3d7e087f,f0f628c7
336017,2008-05-13,Eden Gardens,Indian Premier League,T20,20,c4487b84,Delhi Daredevils,7,12,0,0,0,0,0,0,0,0,0,1,3,0,6,9,bb345e0b,8ba8195d,26e5cabf,0a476045,5bdcdb72,6b19d823,ab89348d,93a17209,9fc0ef64,ee7d0c82,4d6d6280,e249fdaa,725529bc,fd835ab3,75de770f,b1451597,fe11caa6,85aae393,5bb1a1c4,66b30f71,10a91f35
336020,2008-05-15,Feroz Shah Kotla,Indian Premier League,T20,20,c4487b84,,0,0,0,0,0,0,0,0,0,2,0,0,0,0,16,16,Unknown_Player,Unknown_Player,Unknown_Player,Unknown_Player,Unknown_Player,Unknown_Player,Unknown_Player,Unknown_Player,Unknown_Player,Unknown_Player,bb345e0b,8ba8195d,0a476045,ab89348d,5bdcdb72,26e5cabf,c03f1114,6b19d823,33a364a6,ee7d0c82,e03b66ec
336026,2008-05-19,M Chinnaswamy Stadium,Indian Premier League,T20,20,c4487b84,Delhi Daredevils,21,25,1,0,0,0,0,0,0,0,0,0,22,0,0,22,bb345e0b,8ba8195d,5bdcdb72,0a476045,c03f1114,ab89348d,33a364a6,93a17209,9fc0ef64,ee7d0c82,86dc8f2e,5451a2c1,541f85c9,0184dc35,7eae4418,d0513f63,af7dadf7,e938e1bc,91a4a398,0c2730df,8fd1a8f5
392183,2009-04-19,Newlands,Indian Premier League,T20,20,c4487b84,Delhi Daredevils,0,0,0,0,0,0,0,0,0,0,0,0,0,0,0,0,bb345e0b,8ba8195d,5bdcdb72,26e5cabf,c03f1114,c404f58a,d7c6af50,93a17209,260fd380,9fc0ef64,7ca5e05d,a1f1829d,1c914163,6b71e6cf,d18f9182,5fa06777,98ae73b1,40caa465,5f26df4f,034b4b7d,4353bba5
392189,2009-04-23,Kingsmead,Indian Premier League,T20,20,c4487b84,Delhi Daredevils,105,54,5,6,0,0,0,0,0,2,0,0,144,0,16,160,bb345e0b,8ba8195d,5bdcdb72,c03f1114,26e5cabf,d7c6af50,c404f58a,260fd380,9fc0ef64,96fd40ae,b5da6c24,d8699ab7,1dc12ab9,4a8a2e3b,ddc0828d,c3d35165,3576e47e,ae78bc32,9f961c14,b2b50355,4ba44e19
392194,2009-04-26,St George's Park,Indian Premier League,T20,20,c4487b84,Delhi Daredevils,21,23,0,0,0,0,0,0,0,0,0,1,21,0,6,27,bb345e0b,8ba8195d,5bdcdb72,c03f1114,c42aaf71,6b19d823,d7c6af50,c404f58a,9fc0ef64,96fd40ae,86dc8f2e,1c17e270,39f01cdb,b61a3e1a,ba607b88,f3cb53a1,af7dadf7,41eb4a4f,e32d22f6,0c2730df,d92e42f5
392198,2009-04-28,SuperSport Park,Indian Premier League,T20,20,c4487b84,Delhi Daredevils,50,41,5,1,0,0,0,0,0,0,0,0,65,0,0,65,bb345e0b,8ba8195d,5bdcdb72,c03f1114,d7c6af50,c42aaf71,6b19d823,9fc0ef64,96fd40ae,c404f58a,23ac69e6,72861603,ae091d39,25eeb281,fe93fd9d,bb18be76,3c6ffae8,3edb58fc,de8d3876,f0f628c7,6ef60d3a
392201,2009-04-30,SuperSport Park,Indian Premier League,T20,20,c4487b84,Delhi Daredevils,5,9,1,0,0,0,0,0,0,2,0,0,6,0,16,22,bb345e0b,8ba8195d,5bdcdb72,c03f1114,c42aaf71,d7c6af50,6b19d823,9fc0ef64,96fd40ae,c404f58a,2b6e6dec,e1d1b294,bff458c6,740742ef,aaa1b522,35205dfc,fe763256,8a668774,c3d1402f,6c6591ab,a7c226e1
392206,2009-05-02,New Wanderers Stadium,Indian Premier League,T20,20,c4487b84,Delhi Daredevils,0,1,0,0,0,0,0,0,0,3,0,1,-2,0,34,32,bb345e0b,dcce6f09,5bdcdb72,c03f1114,c42aaf71,33a364a6,9fc0ef64,6b19d823,96fd40ae,c404f58a,4b57e452,d8699ab7,1dc12ab9,3576e47e,c3d35165,4a8a2e3b,3eac9d95,c8179c68,b2b50355,4ba44e19,c24a2c5d
392211,2009-05-05,Kingsmead,Indian Premier League,T20,20,c4487b84,Delhi Daredevils,0,0,0,0,0,0,0,0,0,1,0,0,0,0,8,8,bb345e0b,dcce6f09,5bdcdb72,c03f1114,c42aaf71,33a364a6,6b19d823,9fc0ef64,96fd40ae,c404f58a,710dd98c,b8a55852,b57f8a9a,32198ae0,fe11caa6,725529bc,297b26da,fa463154,abfeb126,5bb1a1c4,66b30f71
392215,2009-05-08,Buffalo Park,Indian Premier League,T20,20,c4487b84,Delhi Daredevils,50,38,6,1,0,0,0,0,0,1,0,0,68,0,8,76,bb345e0b,dcce6f09,5bdcdb72,c03f1114,c42aaf71,33a364a6,6b19d823,9fc0ef64,96fd40ae,c404f58a,0fa5042b,2e8994e7,0aadc906,d2c2b2d5,a45a5e8d,87e562a9,8b5b6769,29e95537,5f4e9e8f,d2a989fc,a12e1d51
392219,2009-05-10,New Wanderers Stadium,Indian Premier League,T20,20,c4487b84,Delhi Daredevils,40,33,5,0,0,0,0,0,0,1,0,0,49,0,8,57,bb345e0b,dcce6f09,5bdcdb72,c03f1114,c42aaf71,33a364a6,6b19d823,9fc0ef64,96fd40ae,c404f58a,b8a55852,725529bc,b57f8a9a,710dd98c,297b26da,fe11caa6,32198ae0,fa463154,abfeb126,5bb1a1c4,caa89a48
392223,2009-05-13,Kingsmead,Indian Premier League,T20,20,c4487b84,Delhi Daredevils,44,36,4,1,0,0,0,0,0,1,0,0,54,0,8,62,bb345e0b,dcce6f09,5bdcdb72,8ba8195d,c03f1114,33a364a6,6b19d823,9fc0ef64,96fd40ae,c404f58a,aaa1b522,2b6e6dec,740742ef,b720a5d6,bd77eb62,35205dfc,fe763256,bcce309e,c3d1402f,6c6591ab,8a668774
392226,2009-05-15,OUTsurance Oval,Indian Premier League,T20,20,c4487b84,Delhi Daredevils,11,12,1,0,0,0,0,0,0,1,0,0,12,0,8,20,bb345e0b,8ba8195d,5bdcdb72,c42aaf71,c03f1114,ab89348d,d7c6af50,33a364a6,9fc0ef64,96fd40ae,3fca55af,fdedb37c,b63ab531,1c914163,6b71e6cf,5fa06777,dd09ff8e,98ae73b1,5d096f3d,3dba85c2,6b8eb6e5
392230,2009-05-17,OUTsurance Oval,Indian Premier League,T20,20,c4487b84,Delhi Daredevils,79,55,8,1,0,0,0,0,0,0,0,0,99,0,0,99,bb345e0b,8ba8195d,5bdcdb72,c03f1114,6b19d823,c42aaf71,ab89348d,260fd380,96fd40ae,c404f58a,23ac69e6,72861603,890946a0,7c503806,fe93fd9d,3c6ffae8,c69a7b5c,bb18be76,5b040b81,3d7e087f,f0f628c7
392232,2009-05-19,New Wanderers Stadium,Indian Premier League,T20,20,c4487b84,Delhi Daredevils,28,29,3,0,0,0,0,0,0,0,0,0,31,0,0,31,bb345e0b,8ba8195d,c42aaf71,c03f1114,16043342,662c47a6,ab89348d,d7c6af50,260fd380,96fd40ae,1c17e270,86dc8f2e,0184dc35,b61a3e1a,f3cb53a1,ba607b88,05c2ca46,e938e1bc,af7dadf7,0c2730df,93b4fc78
392235,2009-05-21,SuperSport Park,Indian Premier League,T20,20,c4487b84,Delhi Daredevils,6,7,1,0,0,0,0,0,0,1,0,0,7,0,8,15,bb345e0b,dcce6f09,8ba8195d,5bdcdb72,33a364a6,c03f1114,6b19d823,260fd380,c404f58a,9fc0ef64,f233bbb4,d2c2b2d5,2e8994e7,2bb09eb2,29e95537,a45a5e8d,0aadc906,8b5b6769,a12e1d51,d2a989fc,7c390b03
392237,2009-05-22,SuperSport Park,Indian Premier League,T20,20,c4487b84,Delhi Daredevils,26,21,0,2,0,0,0,0,0,0,0,0,30,0,0,30,bb345e0b,dcce6f09,8ba8195d,5bdcdb72,c03f1114,33a364a6,6b19d823,9fc0ef64,c404f58a,96fd40ae,2b6e6dec,e1d1b294,bff458c6,aaa1b522,bd77eb62,740742ef,fe763256,12eddf28,6c6591ab,2a72fd4f,c3d1402f
419108,2010-03-13,"Punjab Cricket Association Stadium, Mohali",Indian Premier League,T20,20,c4487b84,Delhi Daredevils,7,15,0,0,0,0,0,0,0,0,0,0,1,0,0,1,bb345e0b,8ba8195d,5bdcdb72,c03f1114,c42aaf71,ab89348d,6b19d823,9fc0ef64,93a17209,c404f58a,7ca5e05d,5afd4539,6b71e6cf,1c914163,d18f9182,5fa06777,d84378a4,98ae73b1,5d096f3d,6b8eb6e5,4353bba5
419111,2010-03-15,"Sardar Patel Stadium, Motera",Indian Premier League,T20,20,c4487b84,Delhi Daredevils,15,26,0,0,0,0,0,0,0,1,0,0,11,0,8,19,bb345e0b,8ba8195d,5bdcdb72,c03f1114,c42aaf71,ab89348d,6b19d823,fb693839,9fc0ef64,c404f58a,ae091d39,72861603,890946a0,3c6ffae8,2815fe50,2728e7e9,3edb58fc,fdcb08c2,bb18be76,addfb70e,f0f628c7
419114,2010-03-17,Feroz Shah Kotla,Indian Premier League,T20,20,c4487b84,Delhi Daredevils,11,11,2,0,0,0,0,0,0,0,0,0,13,0,0,13,5bdcdb72,8ba8195d,ab89348d,c03f1114,c42aaf71,6b19d823,9fc0ef64,fb693839,c404f58a,bb345e0b,f233bbb4,d2c2b2d5,855a210c,709b0bac,70d205c9,a757b0d8,87e562a9,626c5379,8b5b6769,91a4a398,a12e1d51
419116,2010-03-19,Feroz Shah Kotla,Indian Premier League,T20,20,c4487b84,Delhi Daredevils,2,3,0,0,0,0,0,0,0,0,0,1,2,0,6,8,dcce6f09,8ba8195d,5bdcdb72,c03f1114,c42aaf71,33a364a6,6b19d823,9fc0ef64,c404f58a,cc1e8c68,b5da6c24,d8699ab7,3576e47e,1dc12ab9,c3d35165,6581d753,4b57e452,495d42a5,b2b50355,4ba44e19,9f961c14
419120,2010-03-21,Barabati Stadium,Indian Premier League,T20,20,c4487b84,Delhi Daredevils,27,26,2,0,0,0,0,0,0,2,0,1,29,0,22,51,dcce6f09,8ba8195d,c03f1114,c42aaf71,32198ae0,662c47a6,6b19d823,cc1e8c68,fb693839,c404f58a,6afb26d6,2b6e6dec,e1d1b294,bd77eb62,740742ef,aaa1b522,fe763256,bcce309e,5d9a1a73,6c6591ab,c3d1402f
419128,2010-03-25,M Chinnaswamy Stadium,Indian Premier League,T20,20,c4487b84,Delhi Daredevils,45,35,3,0,0,0,0,0,0,1,0,1,52,0,14,66,dcce6f09,8ba8195d,c03f1114,99d63244,16043342,c42aaf71,6b19d823,c404f58a,cc1e8c68,9fc0ef64,93b4fc78,86dc8f2e,1c17e270,0184dc35,d2a6c0e6,ba607b88,f3cb53a1,41eb4a4f,e938e1bc,8fd1a8f5,0c2730df
419152,2010-04-13,Brabourne Stadium,Indian Premier League,T20,20,c4487b84,Delhi Daredevils,4,7,0,0,0,0,0,0,0,2,0,0,4,0,16,20,dcce6f09,8ba8195d,bb345e0b,c03f1114,a386e91b,16043342,6b19d823,9fc0ef64,96fd40ae,fb693839,2eeb4370,d2c2b2d5,709b0bac,70d205c9,2e8994e7,a757b0d8,87e562a9,8b5b6769,ef5da05c,91a4a398,342d8ade
501200,2011-04-09,Nehru Stadium,Indian Premier League,T20,20,c4487b84,Royal Challengers Bangalore,54,41,1,5,0,0,0,0,0,0,0,0,75,0,0,75,00ea847a,5bdcdb72,ba607b88,709b0bac,3ae3f034,d4f9dbd4,91a4a398,d7c6af50,c404f58a,66cf56a5,b8a55852,de8cce37,d18f9182,b57f8a9a,fe93fd9d,b2570b38,b5da6c24,4ba44e19,41eb4a4f,c3d1402f,6b8eb6e5
501205,2011-04-12,M Chinnaswamy Stadium,Indian Premier League,T20,20,c4487b84,Royal Challengers Bangalore,38,37,3,1,0,0,0,0,0,0,0,0,47,0,0,47,00ea847a,5bdcdb72,ba607b88,3ae3f034,709b0bac,d4f9dbd4,91a4a398,d7c6af50,c404f58a,66cf56a5,a84468fe,d2c2b2d5,70d205c9,740742ef,a757b0d8,cf73ad76,626c5379,8b5b6769,ef5da05c,f0f628c7,a12e1d51
501208,2011-04-14,Rajiv Gandhi International Stadium,Indian Premier League,T20,20,c4487b84,Royal Challengers Bangalore,0,7,0,0,0,0,0,0,0,1,0,0,-2,0,8,6,00ea847a,5bdcdb72,91a4a398,ba607b88,709b0bac,d4f9dbd4,6821ac10,d7c6af50,ce4cc4d5,957532de,3fca55af,0a476045,6b71e6cf,5451a2c1,2e8994e7,2a2e6343,b720a5d6,6b19d823,8fd1a8f5,5bb1a1c4,ae78bc32
501211,2011-04-16,"MA Chidambaram Stadium, Chepauk",Indian Premier League,T20,20,c4487b84,Royal Challengers Bangalore,65,45,5,2,0,0,0,0,0,1,0,0,84,0,8,92,00ea847a,5bdcdb72,3ae3f034,ba607b88,709b0bac,d4f9dbd4,6821ac10,d7c6af50,ce4cc4d5,91a4a398,48fd7349,4b57e452,1dc12ab9,4a8a2e3b,c3d35165,3576e47e,95a2ea61,495d42a5,c8179c68,13c35c9e,f5f18a18
501222,2011-04-22,Eden Gardens,Indian Premier League,T20,20,c4487b84,Royal Challengers Bangalore,0,0,0,0,0,0,0,0,0,0,0,1,0,0,6,6,5bdcdb72,db584dad,ba607b88,709b0bac,d4f9dbd4,91a4a398,3ae3f034,d7c6af50,957532de,c64c2443,86dc8f2e,b0c772ee,bb345e0b,3c6ffae8,d2a6c0e6,26e5cabf,7dc35884,33a364a6,85aae393,1e66c162,b2b50355
501227,2011-04-26,Feroz Shah Kotla,Indian Premier League,T20,20,c4487b84,Royal Challengers Bangalore,5,2,1,0,0,0,0,0,0,1,0,1,6,0,14,20,db584dad,5bdcdb72,ba607b88,709b0bac,d4f9dbd4,d7c6af50,66cf56a5,c64c2443,91a4a398,957532de,dcce6f09,8ba8195d,2498e163,afa7e784,fe763256,890946a0,5fa06777,662c47a6,5bb5a915,66b30f71,cc1e8c68
501232,2011-04-29,M Chinnaswamy Stadium,Indian Premier League,T20,20,c4487b84,Royal Challengers Bangalore,26,20,1,1,0,0,0,0,0,0,0,0,29,0,0,29,db584dad,5bdcdb72,ba607b88,709b0bac,d84378a4,66cf56a5,91a4a398,d7c6af50,957532de,c64c2443,91ffa6c6,5748e866,93b4fc78,1c914163,1c17e270,c42aaf71,28c78fb3,5d9a1a73,4180d897,b552a935,6ef60d3a
501244,2011-05-06,M Chinnaswamy Stadium,Indian Premier League,T20,20,c4487b84,Royal Challengers Bangalore,27,14,2,2,0,0,0,0,0,0,0,0,39,0,0,39,db584dad,5bdcdb72,ba607b88,709b0bac,3ae3f034,d84378a4,66cf56a5,d7c6af50,91a4a398,957532de,2b6e6dec,25eeb281,a45a5e8d,508a1ea7,c03f1114,30e37810,c654af19,98ae73b1,12eddf28,e938e1bc,8b9704ae
501247,2011-05-08,M Chinnaswamy Stadium,Indian Premier League,T20,20,c4487b84,Royal Challengers Bangalore,0,0,0,0,0,0,0,0,0,1,0,2,0,0,20,20,db584dad,5bdcdb72,ba607b88,d4f9dbd4,d84378a4,709b0bac,d7c6af50,91a4a398,957532de,66cf56a5,b970a03f,b8a55852,b5da6c24,d18f9182,b57f8a9a,fe93fd9d,b2570b38,41eb4a4f,5d096f3d,c3d1402f,0c432afb
501252,2011-05-11,Sawai Mansingh Stadium,Indian Premier League,T20,20,c4487b84,Royal Challengers Bangalore,0,0,0,0,0,0,0,0,0,1,0,1,0,0,14,14,db584dad,5bdcdb72,ba607b88,7daedf2f,d84378a4,709b0bac,16605a1b,91a4a398,957532de,d1c94b25,4329fbb5,0184dc35,29e95537,7c503806,b61a3e1a,8291f939,c69a7b5c,063b3673,bb18be76,3d7e087f,e32d22f6
501255,2011-05-14,M Chinnaswamy Stadium,Indian Premier League,T20,20,c4487b84,Royal Challengers Bangalore,13,14,2,0,0,0,0,0,0,1,0,0,15,0,8,23,db584dad,b63ab531,ba607b88,d84378a4,7daedf2f,709b0bac,66cf56a5,91a4a398,957532de,d1c94b25,86dc8f2e,d2a6c0e6,bb345e0b,26e5cabf,3c6ffae8,f3cb53a1,33a364a6,85aae393,dd09ff8e,b2b50355,1e66c162
501260,2011-05-17,Himachal Pradesh Cricket Association Stadium,Indian Premier League,T20,20,c4487b84,Royal Challengers Bangalore,34,27,3,1,0,0,0,0,0,0,0,0,43,0,0,43,db584dad,709b0bac,ba607b88,3ae3f034,d84378a4,7daedf2f,6821ac10,66cf56a5,d1c94b25,957532de,25eeb281,2b6e6dec,508a1ea7,fd835ab3,c03f1114,c3a96caf,a45a5e8d,2049f3a0,98ae73b1,e938e1bc,12eddf28
501266,2011-05-22,M Chinnaswamy Stadium,Indian Premier League,T20,20,c4487b84,Royal Challengers Bangalore,0,3,0,0,0,0,0,0,0,1,0,0,-2,0,8,6,db584dad,ba607b88,709b0bac,00ea847a,d84378a4,b63ab531,d7c6af50,957532de,66cf56a5,91a4a398,48fd7349,4b57e452,1dc12ab9,3576e47e,fe11caa6,4a8a2e3b,87e562a9,c3d35165,495d42a5,c8179c68,45c2196c
501268,2011-05-24,Wankhede Stadium,Indian Premier League,T20,20,c4487b84,Royal Challengers Bangalore,11,10,0,1,0,0,0,0,0,0,0,0,13,0,0,13,00ea847a,db584dad,ba607b88,b63ab531,709b0bac,d84378a4,d7c6af50,957532de,66cf56a5,91a4a398,48fd7349,4b57e452,1dc12ab9,3576e47e,4a8a2e3b,c3d35165,87e562a9,fe11caa6,495d42a5,45c2196c,c8179c68
501270,2011-05-27,"MA Chidambaram Stadium, Chepauk",Indian Premier League,T20,20,c4487b84,Royal Challengers Bangalore,21,16,0,1,0,0,0,0,0,0,0,0,25,0,0,25,00ea847a,db584dad,ba607b88,b63ab531,709b0bac,d7c6af50,957532de,66cf56a5,91a4a398,c64c2443,1efb8a28,d2c2b2d5,8b5b6769,740742ef,cf73ad76,70d205c9,a757b0d8,626c5379,a12e1d51,2af1b6d2,f0f628c7
501271,2011-05-28,"MA Chidambaram Stadium, Chepauk",Indian Premier League,T20,20,c4487b84,Royal Challengers Bangalore,18,12,3,0,0,0,0,0,0,0,0,0,23,0,0,23,00ea847a,db584dad,ba607b88,b63ab531,709b0bac,d7c6af50,66cf56a5,91a4a398,c64c2443,957532de,48fd7349,4b57e452,4a8a2e3b,1dc12ab9,c3d35165,3576e47e,87e562a9,fe11caa6,495d42a5,45c2196c,c8179c68
548310,2012-04-07,M Chinnaswamy Stadium,Indian Premier League,T20,20,c4487b84,Royal Challengers Bangalore,64,42,6,2,0,0,0,0,0,0,0,1,86,0,6,92,16043342,d4f9dbd4,ba607b88,709b0bac,00ea847a,d7c6af50,41eb4a4f,f986ca1a,91a4a398,4ba44e19,b8d490fd,8ba8195d,890946a0,fe763256,b681e71e,662c47a6,5fa06777,2e9fdf9b,5bb5a915,cc1e8c68,9d80c5e1
548315,2012-04-10,M Chinnaswamy Stadium,Indian Premier League,T20,20,c4487b84,Royal Challengers Bangalore,10,10,1,0,0,0,0,0,0,1,0,0,11,0,8,19,d4f9dbd4,db584dad,ba607b88,709b0bac,00ea847a,d7c6af50,41eb4a4f,f986ca1a,91a4a398,4ba44e19,86dc8f2e,bb345e0b,5afd4539,3c6ffae8,26e5cabf,4ec07775,7dc35884,b1451597,dd09ff8e,33a364a6,b2b50355
548318,2012-04-12,"MA Chidambaram Stadium, Chepauk",Indian Premier League,T20,20,c4487b84,Royal Challengers Bangalore,4,3,1,0,0,0,0,0,0,0,0,0,5,0,0,5,00ea847a,db584dad,ba607b88,709b0bac,7d3720ba,d4f9dbd4,d7c6af50,41eb4a4f,91a4a398,4ba44e19,4b57e452,3355b542,1dc12ab9,4a8a2e3b,87e562a9,c3d35165,fe93fd9d,3576e47e,495d42a5,c8179c68,45c2196c
548324,2012-04-15,M Chinnaswamy Stadium,Indian Premier League,T20,20,c4487b84,Royal Challengers Bangalore,6,10,0,0,0,0,0,0,0,0,0,0,4,0,0,4,00ea847a,db584dad,ba607b88,709b0bac,d84378a4,d7c6af50,41eb4a4f,91a4a398,957532de,4ba44e19,0184dc35,29e95537,7bf96684,b57f8a9a,8291f939,7c503806,f708a0bc,541f85c9,5b040b81,3d7e087f,e32d22f6
548327,2012-04-17,M Chinnaswamy Stadium,Indian Premier League,T20,20,c4487b84,Royal Challengers Bangalore,33,14,2,3,0,0,0,0,0,0,0,2,51,0,12,63,5bdcdb72,db584dad,00ea847a,ba607b88,709b0bac,d7c6af50,41eb4a4f,91a4a398,f986ca1a,d92e42f5,1c17e270,91ffa6c6,725529bc,f846de6a,30a45b23,896d78ad,c42aaf71,2e81a32d,5d9a1a73,66b30f71,96fd40ae
548331,2012-04-20,"Punjab Cricket Association Stadium, Mohali",Indian Premier League,T20,20,c4487b84,Royal Challengers Bangalore,52,41,6,0,0,0,0,0,0,1,0,0,66,0,8,74,00ea847a,db584dad,ba607b88,709b0bac,16043342,d7c6af50,7daedf2f,41eb4a4f,f986ca1a,91a4a398,addbde6c,25eeb281,508a1ea7,fd835ab3,d67d5f00,c3a96caf,9a158001,98ae73b1,1a0c3177,e938e1bc,2a72fd4f
548336,2012-04-23,Sawai Mansingh Stadium,Indian Premier League,T20,20,c4487b84,Royal Challengers Bangalore,59,24,3,5,0,0,0,0,0,0,0,0,86,0,0,86,ba607b88,5bdcdb72,00ea847a,db584dad,709b0bac,d7c6af50,41eb4a4f,91a4a398,f986ca1a,d92e42f5,0184dc35,29e95537,7bf96684,541f85c9,b57f8a9a,bd17b45f,557153ca,f708a0bc,e32d22f6,3d7e087f,99b202b3
548344,2012-04-28,Eden Gardens,Indian Premier League,T20,20,c4487b84,Royal Challengers Bangalore,0,1,0,0,0,0,0,0,0,0,0,0,-2,0,0,-2,5bdcdb72,db584dad,ba607b88,709b0bac,00ea847a,d7c6af50,41eb4a4f,91a4a398,f986ca1a,d92e42f5,b8a55852,bb345e0b,86dc8f2e,3c6ffae8,26e5cabf,b1451597,33a364a6,7050a1e7,9d430b40,dd09ff8e,85aae393
548350,2012-05-02,M Chinnaswamy Stadium,Indian Premier League,T20,20,c4487b84,Royal Challengers Bangalore,17,13,1,1,0,0,0,0,0,0,0,2,22,0,12,34,00ea847a,db584dad,ba607b88,16043342,3ae3f034,709b0bac,d7c6af50,41eb4a4f,91a4a398,d92e42f5,c3a96caf,508a1ea7,addbde6c,fd835ab3,9a158001,a45a5e8d,2728e7e9,98ae73b1,12eddf28,e938e1bc,1a0c3177
548356,2012-05-06,M Chinnaswamy Stadium,Indian Premier League,T20,20,c4487b84,Royal Challengers Bangalore,47,17,5,3,0,0,0,0,0,0,0,0,68,0,0,68,5bdcdb72,db584dad,ba607b88,3ae3f034,00ea847a,c64c2443,91a4a398,66cf56a5,0c432afb,4ba44e19,39f82db3,0a476045,d0513f63,6b71e6cf,b5da6c24,2461eef2,1c2a64cd,6b19d823,8fd1a8f5,d2340a43,d718440b
548360,2012-05-09,Wankhede Stadium,Indian Premier League,T20,20,c4487b84,Royal Challengers Bangalore,0,0,0,0,0,0,0,0,0,0,0,0,0,0,0,0,5bdcdb72,db584dad,ba607b88,00ea847a,709b0bac,c64c2443,41eb4a4f,91a4a398,f986ca1a,4ba44e19,cf73ad76,d2c2b2d5,740742ef,c03f1114,70d205c9,35205dfc,a757b0d8,8b5b6769,a12e1d51,6c6591ab,c3d1402f
548362,2012-05-11,Subrata Roy Sahara Stadium,Indian Premier League,T20,20,c4487b84,Royal Challengers Bangalore,9,4,0,1,0,0,0,0,0,0,0,0,11,0,0,11,db584dad,5bdcdb72,ba607b88,709b0bac,00ea847a,41eb4a4f,91a4a398,f986ca1a,4ba44e19,d92e42f5,6afb26d6,f842c2cf,93b4fc78,1c17e270,f4cb4f53,896d78ad,30a45b23,2e81a32d,b552a935,5d9a1a73,27e71d47
548367,2012-05-14,M Chinnaswamy Stadium,Indian Premier League,T20,20,c4487b84,Royal Challengers Bangalore,14,13,1,0,0,0,0,0,0,0,0,0,15,0,0,15,db584dad,5bdcdb72,ba607b88,709b0bac,00ea847a,41eb4a4f,91a4a398,f986ca1a,4ba44e19,d92e42f5,e1d1b294,d2c2b2d5,740742ef,c03f1114,70d205c9,35205dfc,a757b0d8,8b5b6769,a12e1d51,c3d1402f,f0f628c7
548372,2012-05-17,Feroz Shah Kotla,Indian Premier League,T20,20,c4487b84,Royal Challengers Bangalore,0,0,0,0,0,0,0,0,0,1,0,0,0,0,8,8,db584dad,5bdcdb72,ba607b88,709b0bac,00ea847a,41eb4a4f,91a4a398,f986ca1a,0c432afb,4ba44e19,0c94f480,dcce6f09,fe763256,d18f9182,b61a3e1a,890946a0,bbd41817,5fa06777,f62772e5,cc1e8c68,0a3d54b9
548376,2012-05-20,Rajiv Gandhi International Stadium,Indian Premier League,T20,20,c4487b84,Royal Challengers Bangalore,4,11,0,0,0,0,0,0,0,1,0,0,-2,0,8,6,db584dad,5bdcdb72,ba607b88,709b0bac,00ea847a,91a4a398,41eb4a4f,f986ca1a,4ba44e19,0c432afb,0a476045,2461eef2,6b71e6cf,d0513f63,2e8994e7,b5da6c24,1c2a64cd,8fd1a8f5,6b19d823,ae78bc32,d718440b
598008,2013-04-11,M Chinnaswamy Stadium,Indian Premier League,T20,20,c4487b84,Royal Challengers Bangalore,22,22,2,1,0,0,0,0,0,1,0,0,26,0,8,34,db584dad,00ea847a,ba607b88,32198ae0,7daedf2f,b17e2f24,41eb4a4f,c3d1402f,1e66c162,4ba44e19,5afd4539,bb345e0b,86dc8f2e,3c6ffae8,26e5cabf,d2a6c0e6,33a364a6,c654af19,9fc0ef64,9d430b40,b2b50355
598012,2013-04-13,"MA Chidambaram Stadium, Chepauk",Indian Premier League,T20,20,c4487b84,Royal Challengers Bangalore,64,33,8,1,0,0,0,0,0,0,0,0,88,0,0,88,db584dad,00ea847a,ba607b88,2a2e6343,d68e7f48,7daedf2f,c64c2443,41eb4a4f,abfeb126,c3d1402f,48fd7349,4b57e452,1dc12ab9,3576e47e,4a8a2e3b,fe93fd9d,87e562a9,fb66ce1f,495d42a5,c404f58a,759ac88f
598017,2013-04-16,M Chinnaswamy Stadium,Indian Premier League,T20,20,c4487b84,Royal Challengers Bangalore,52,36,3,3,0,0,0,0,0,0,0,0,71,0,0,71,db584dad,b17e2f24,ba607b88,16043342,7daedf2f,c64c2443,41eb4a4f,d68e7f48,c3d1402f,1e66c162,dcce6f09,8ba8195d,605b7efa,d18f9182,27af6414,99d63244,5fa06777,5bb5a915,9d80c5e1,96fd40ae,cc1e8c68
598023,2013-04-20,M Chinnaswamy Stadium,Indian Premier League,T20,20,c4487b84,Royal Challengers Bangalore,7,8,1,0,0,0,0,0,0,0,0,0,8,0,0,8,5bdcdb72,db584dad,ba607b88,709b0bac,7daedf2f,d68e7f48,41eb4a4f,abfeb126,c3d1402f,1e66c162,4329fbb5,29e95537,0184dc35,bd17b45f,b57f8a9a,063b3673,808f425a,99b202b3,6b8eb6e5,addfb70e,3d7e087f
598027,2013-04-23,M Chinnaswamy Stadium,Indian Premier League,T20,20,c4487b84,Royal Challengers Bangalore,31,9,3,3,0,0,0,0,0,1,0,0,44,0,8,52,db584dad,5bdcdb72,ba607b88,709b0bac,d68e7f48,7daedf2f,41eb4a4f,abfeb126,c3d1402f,1e66c162,1c17e270,b8d490fd,1c914163,cca50cd6,30a45b23,3d8feaf8,c42aaf71,2e81a32d,ef5da05c,e0407c01,66b30f71
598033,2013-04-27,Wankhede Stadium,Indian Premier League,T20,20,c4487b84,Royal Challengers Bangalore,2,3,0,0,0,0,0,0,0,0,0,1,2,0,6,8,db584dad,5bdcdb72,ba607b88,709b0bac,7daedf2f,c64c2443,d68e7f48,41eb4a4f,c3d1402f,1e66c162,35205dfc,d2c2b2d5,c03f1114,740742ef,a757b0d8,70d205c9,8b5b6769,f5180fe6,a12e1d51,d2a989fc,6c6591ab
598036,2013-04-29,Sawai Mansingh Stadium,Indian Premier League,T20,20,c4487b84,Royal Challengers Bangalore,21,13,3,0,0,0,0,0,0,1,0,1,28,0,14,42,6165bca6,db584dad,ba607b88,32198ae0,709b0bac,d68e7f48,41eb4a4f,abfeb126,c3d1402f,1e66c162,0184dc35,29e95537,a4cc73aa,4329fbb5,b57f8a9a,bd17b45f,7bf96684,808f425a,99b202b3,3d7e087f,6b8eb6e5
598042,2013-05-02,Subrata Roy Sahara Stadium,Indian Premier League,T20,20,c4487b84,Royal Challengers Bangalore,50,23,6,2,0,0,0,0,0,2,0,0,74,0,16,90,709b0bac,db584dad,ba607b88,32198ae0,b17e2f24,7daedf2f,41eb4a4f,abfeb126,4ba44e19,c3d1402f,1c17e270,b8d490fd,aaa1b522,1c914163,30a45b23,896d78ad,a45a5e8d,2e81a32d,ea0cdc12,66b30f71,5d9a1a73
598045,2013-05-14,M Chinnaswamy Stadium,Indian Premier League,T20,20,c4487b84,Royal Challengers Bangalore,6,2,0,1,0,0,0,0,0,1,0,0,8,0,8,16,d4f9dbd4,db584dad,ba607b88,32198ae0,b17e2f24,7daedf2f,41eb4a4f,91a4a398,4ba44e19,1e66c162,2b6e6dec,508a1ea7,9a158001,d67d5f00,626c5379,c3a96caf,c03e2850,98ae73b1,ae78bc32,1a0c3177,ce820073
598048,2013-04-09,M Chinnaswamy Stadium,Indian Premier League,T20,20,c4487b84,Royal Challengers Bangalore,15,15,0,1,0,0,0,0,0,1,0,0,17,0,8,25,00ea847a,db584dad,ba607b88,32198ae0,7daedf2f,41eb4a4f,abfeb126,1e66c162,c3d1402f,4ba44e19,2461eef2,b5da6c24,6b71e6cf,d0513f63,0f12f9df,1c2a64cd,94253925,53f27a35,6b19d823,8fd1a8f5,5bb1a1c4
598054,2013-05-10,Feroz Shah Kotla,Indian Premier League,T20,20,c4487b84,Royal Challengers Bangalore,32,17,2,2,0,0,0,0,0,0,0,0,48,0,0,48,d4f9dbd4,db584dad,ba607b88,32198ae0,709b0bac,c64c2443,41eb4a4f,d68e7f48,abfeb126,1e66c162,d18f9182,8ba8195d,0c94f480,dcce6f09,27af6414,99d63244,5fa06777,5bb5a915,cc1e8c68,9d80c5e1,dcf81436
598057,2013-05-12,JSCA International Stadium Complex,Indian Premier League,T20,20,c4487b84,Royal Challengers Bangalore,28,22,1,1,0,0,0,0,0,0,0,0,31,0,0,31,d4f9dbd4,db584dad,ba607b88,32198ae0,709b0bac,41eb4a4f,d68e7f48,66cf56a5,abfeb126,1e66c162,5afd4539,bb345e0b,86dc8f2e,3c6ffae8,26e5cabf,4ec07775,33a364a6,7050a1e7,4c4fa80b,9d430b40,b2b50355
598064,2013-05-06,"Punjab Cricket Association Stadium, Mohali",Indian Premier League,T20,20,c4487b84,Royal Challengers Bangalore,38,20,4,2,0,0,0,0,0,1,0,0,56,0,8,64,d4f9dbd4,db584dad,ba607b88,32198ae0,709b0bac,7daedf2f,41eb4a4f,d68e7f48,abfeb126,c3d1402f,c3a96caf,508a1ea7,6eb146d2,fd835ab3,d67d5f00,626c5379,0164b064,98ae73b1,e938e1bc,ae78bc32,1a0c3177
598068,2013-05-18,M Chinnaswamy Stadium,Indian Premier League,T20,20,c4487b84,Royal Challengers Bangalore,5,3,1,0,0,0,0,0,0,0,0,0,6,0,0,6,ba607b88,db584dad,32198ae0,c3d1402f,b17e2f24,709b0bac,41eb4a4f,91a4a398,d68e7f48,1e66c162,48fd7349,4b57e452,1dc12ab9,87e562a9,4a8a2e3b,fe93fd9d,3576e47e,fb66ce1f,495d42a5,0f721006,759ac88f
729281,2014-04-17,Sharjah Cricket Stadium,Indian Premier League,T20,20,c4487b84,Royal Challengers Bangalore,0,0,0,0,0,0,0,0,0,0,0,0,0,0,0,0,b5da6c24,44afbf2d,ba607b88,1c914163,c3d35165,90edaaa9,66b30f71,3fb19989,57ee1fde,0a3d54b9,00ea847a,4b57e452,c03f1114,26e5cabf,2e8994e7,b61a3e1a,9219eff0,3a60e0b5,9d80c5e1,5d9a1a73,8cf9814c
729287,2014-04-19,Dubai International Cricket Stadium,Indian Premier League,T20,20,c4487b84,Royal Challengers Bangalore,45,48,3,1,0,0,0,0,0,2,0,0,54,0,16,70,44afbf2d,b5da6c24,ba607b88,1c914163,c3d35165,90edaaa9,66b30f71,3fb19989,57ee1fde,0a3d54b9,48fd7349,855a210c,70d205c9,740742ef,a757b0d8,8abdf100,8b5b6769,91a4a398,a12e1d51,6c6591ab,462411b3
729299,2014-04-24,Sharjah Cricket Stadium,Indian Premier League,T20,20,c4487b84,Royal Challengers Bangalore,11,12,1,0,0,0,0,0,0,1,0,0,12,0,8,20,b5da6c24,4e04666c,ba607b88,1c914163,c3d35165,3fb19989,66b30f71,57ee1fde,0a3d54b9,4ba44e19,86dc8f2e,bb345e0b,93b4fc78,45eda7c8,3c6ffae8,1c17e270,271f83cd,41eb4a4f,9d430b40,5bb5a915,cc1e8c68
729305,2014-04-26,Sheikh Zayed Stadium,Indian Premier League,T20,20,c4487b84,Royal Challengers Bangalore,0,1,0,0,0,0,0,0,0,1,0,0,-2,0,8,6,b5da6c24,4e04666c,ba607b88,1c914163,90edaaa9,c3d35165,3fb19989,d68e7f48,66b30f71,57ee1fde,29e95537,944533a5,a4cc73aa,a45a5e8d,4329fbb5,bd17b45f,30a45b23,33a364a6,dfc4d8b5,6aed7e79,13c35c9e
729313,2014-04-28,Dubai International Cricket Stadium,Indian Premier League,T20,20,c4487b84,Royal Challengers Bangalore,17,15,2,0,0,0,0,0,0,0,0,0,19,0,0,19,db584dad,b5da6c24,ba607b88,4e04666c,1c914163,c3d35165,3fb19989,0a3d54b9,66b30f71,57ee1fde,d4f9dbd4,8ba8195d,fe11caa6,b681e71e,d67d5f00,5056011d,26a85969,f5180fe6,2e171977,b2b50355,ce820073
733977,2014-05-04,M Chinnaswamy Stadium,Indian Premier League,T20,20,c4487b84,Royal Challengers Bangalore,89,43,6,8,0,0,0,0,0,1,0,0,125,0,8,133,db584dad,b5da6c24,ba607b88,cad00a4d,1c914163,3fb19989,f986ca1a,66b30f71,0a3d54b9,57ee1fde,b8d490fd,0a476045,b17e2f24,dcce6f09,c03c6200,890946a0,5fa06777,119678fd,8fd1a8f5,2e81a32d,5bb1a1c4
733983,2014-05-06,Wankhede Stadium,Indian Premier League,T20,20,c4487b84,Royal Challengers Bangalore,9,7,2,0,0,0,0,0,0,0,0,0,11,0,0,11,db584dad,b5da6c24,ba607b88,1c914163,cad00a4d,3fb19989,f986ca1a,0a3d54b9,66b30f71,57ee1fde,272d796e,30a2649b,70d205c9,740742ef,8abdf100,a757b0d8,855a210c,8b5b6769,462411b3,a12e1d51,cedc1d9a
733991,2014-05-09,M Chinnaswamy Stadium,Indian Premier League,T20,20,c4487b84,Royal Challengers Bangalore,53,28,1,5,0,0,0,0,0,1,0,0,78,0,8,86,db584dad,b5da6c24,ba607b88,90edaaa9,1c914163,c3d35165,3fb19989,f986ca1a,0a3d54b9,57ee1fde,8ba8195d,c3a96caf,b681e71e,d67d5f00,5056011d,fe11caa6,f5180fe6,2e171977,6f49cc6e,b2b50355,ce820073
733999,2014-05-11,M Chinnaswamy Stadium,Indian Premier League,T20,20,c4487b84,Royal Challengers Bangalore,58,32,1,5,0,0,0,0,0,0,0,0,83,0,0,83,ba607b88,db584dad,6dbcf855,1c914163,c3d35165,b5da6c24,3fb19989,0a3d54b9,57ee1fde,66b30f71,29e95537,944533a5,4329fbb5,bd17b45f,a4cc73aa,30a45b23,808f425a,33a364a6,dfc4d8b5,6aed7e79,39a2dfa8
734005,2014-05-13,M Chinnaswamy Stadium,Indian Premier League,T20,20,c4487b84,Royal Challengers Bangalore,33,17,4,1,0,0,0,0,0,0,0,0,49,0,0,49,db584dad,b5da6c24,ba607b88,1c914163,90edaaa9,6dbcf855,3fb19989,4ba44e19,57ee1fde,2af1b6d2,372455c4,4b57e452,00ea847a,39f01cdb,2e8994e7,c03f1114,99d63244,de4b0555,8cf9814c,acee4cc4,dcf81436
734013,2014-05-18,JSCA International Stadium Complex,Indian Premier League,T20,20,c4487b84,Royal Challengers Bangalore,28,15,1,3,0,0,0,0,0,1,0,0,41,0,8,49,db584dad,b5da6c24,ba607b88,1c914163,90edaaa9,2af1b6d2,3fb19989,4ba44e19,57ee1fde,0a3d54b9,35205dfc,b8a55852,1dc12ab9,fd835ab3,4a8a2e3b,fe93fd9d,c42aaf71,495d42a5,e0407c01,759ac88f,76388dc8
734021,2014-05-20,Rajiv Gandhi International Stadium,Indian Premier League,T20,20,c4487b84,Royal Challengers Bangalore,29,18,2,1,0,0,0,0,0,0,0,0,37,0,0,37,db584dad,b5da6c24,ba607b88,1c914163,90edaaa9,3fb19989,4ba44e19,57ee1fde,2af1b6d2,0a3d54b9,0a476045,dcce6f09,890946a0,b8d490fd,c03c6200,fe763256,5fa06777,119678fd,9170ff49,8fd1a8f5,2e81a32d
734027,2014-05-22,Eden Gardens,Indian Premier League,T20,20,c4487b84,Royal Challengers Bangalore,13,13,1,0,0,0,0,0,0,0,0,0,14,0,0,14,db584dad,4e04666c,ba607b88,1c914163,90edaaa9,3fb19989,2af1b6d2,66b30f71,57ee1fde,4ba44e19,1c17e270,bb345e0b,93b4fc78,3c6ffae8,7dc35884,4ec07775,271f83cd,41eb4a4f,5bb5a915,cc1e8c68,9d430b40
734035,2014-05-24,M Chinnaswamy Stadium,Indian Premier League,T20,20,c4487b84,Royal Challengers Bangalore,10,6,2,0,0,0,0,0,0,0,0,0,12,0,0,12,cad00a4d,4e04666c,6dbcf855,ba607b88,1c914163,90edaaa9,3fb19989,57ee1fde,d68e7f48,c8179c68,35205dfc,3355b542,1dc12ab9,4a8a2e3b,fd835ab3,fe93fd9d,c42aaf71,495d42a5,759ac88f,76388dc8,96fd40ae
829713,2015-04-11,Eden Gardens,Indian Premier League,T20,20,c4487b84,Royal Challengers Bangalore,28,13,3,2,0,0,0,0,0,0,0,0,41,0,0,41,db584dad,ba607b88,c03f1114,c3a96caf,c03c6200,1a2676c5,f986ca1a,2af1b6d2,57ee1fde,0a3d54b9,1c17e270,bb345e0b,93b4fc78,271f83cd,3c6ffae8,bbd41817,7dc35884,98ae73b1,9d430b40,edb3d4f8,5bb5a915
829719,2015-04-13,M Chinnaswamy Stadium,Indian Premier League,T20,20,c4487b84,Royal Challengers Bangalore,46,29,5,2,0,0,0,0,0,0,0,0,63,0,0,63,db584dad,ba607b88,c03f1114,c3a96caf,c03c6200,1a2676c5,f986ca1a,2af1b6d2,0a3d54b9,57ee1fde,dcce6f09,0a476045,d027ba9f,b17e2f24,890946a0,7ca5e05d,1c2a64cd,119678fd,e938e1bc,2e81a32d,a818c1be
829737,2015-04-19,M Chinnaswamy Stadium,Indian Premier League,T20,20,c4487b84,Royal Challengers Bangalore,41,12,5,3,0,0,0,0,0,0,0,0,62,0,0,62,db584dad,5afd4539,ba607b88,c03f1114,cad00a4d,aa8d28ae,85aae393,2af1b6d2,0a3d54b9,57ee1fde,89f64c19,b5da6c24,0c94f480,740742ef,a757b0d8,70d205c9,8b5b6769,dbe50b21,462411b3,51a3c5ef,a12e1d51
829745,2015-04-22,M Chinnaswamy Stadium,Indian Premier League,T20,20,c4487b84,Royal Challengers Bangalore,14,10,0,2,0,0,0,0,0,2,0,0,20,0,16,36,5afd4539,cad00a4d,ba607b88,c03f1114,f088b960,aa8d28ae,f986ca1a,3fb19989,85aae393,57ee1fde,35205dfc,b8a55852,1dc12ab9,4a8a2e3b,fe93fd9d,3355b542,87e562a9,495d42a5,759ac88f,96fd40ae,e0407c01
829749,2015-04-24,"Sardar Patel Stadium, Motera",Indian Premier League,T20,20,c4487b84,Royal Challengers Bangalore,47,34,6,0,0,0,0,0,0,0,0,0,59,0,0,59,db584dad,ba607b88,c3a96caf,c03f1114,f088b960,aa8d28ae,f986ca1a,3fb19989,85aae393,57ee1fde,29e95537,4329fbb5,30a45b23,944533a5,73ad96ed,a4cc73aa,bd17b45f,808f425a,fb66ce1f,d2a989fc,6aed7e79
829757,2015-04-26,Feroz Shah Kotla,Indian Premier League,T20,20,c4487b84,Royal Challengers Bangalore,0,0,0,0,0,0,0,0,0,1,0,1,0,0,14,14,db584dad,ba607b88,c3a96caf,c03f1114,f088b960,aa8d28ae,f986ca1a,3fb19989,85aae393,0a3d54b9,00ea847a,85ec8e33,2e8994e7,1c914163,896d78ad,99d63244,56ab442f,6b19d823,9d80c5e1,acee4cc4,2c76b512
829763,2015-04-29,M Chinnaswamy Stadium,Indian Premier League,T20,20,c4487b84,Royal Challengers Bangalore,57,47,9,1,0,0,0,0,0,0,0,0,76,0,0,76,db584dad,ba607b88,c3a96caf,c03f1114,f088b960,aa8d28ae,f986ca1a,3fb19989,0a3d54b9,57ee1fde,29e95537,4329fbb5,30a45b23,944533a5,a4cc73aa,bd17b45f,73ad96ed,808f425a,6aed7e79,d2a989fc,13c35c9e
829771,2015-05-02,M Chinnaswamy Stadium,Indian Premier League,T20,20,c4487b84,Royal Challengers Bangalore,2,4,0,0,0,0,0,0,0,1,0,0,2,0,8,10,db584dad,ba607b88,c3a96caf,aa8d28ae,c03f1114,f088b960,f986ca1a,3fb19989,0a3d54b9,57ee1fde,1c17e270,bb345e0b,bbd41817,4ec07775,3c6ffae8,271f83cd,93b4fc78,ded9240e,98ae73b1,f708a0bc,cc1e8c68
829779,2015-05-04,"MA Chidambaram Stadium, Chepauk",Indian Premier League,T20,20,c4487b84,Royal Challengers Bangalore,21,14,5,0,0,0,0,0,0,0,0,0,28,0,0,28,44afbf2d,ba607b88,c3a96caf,c03f1114,f088b960,aa8d28ae,f986ca1a,3fb19989,85aae393,57ee1fde,35205dfc,b8a55852,1dc12ab9,3355b542,4a8a2e3b,fe93fd9d,f62772e5,87e562a9,759ac88f,96fd40ae,e0407c01
829785,2015-05-06,M Chinnaswamy Stadium,Indian Premier League,T20,20,c4487b84,Royal Challengers Bangalore,47,24,3,4,0,0,0,0,0,0,0,0,68,0,0,68,db584dad,ba607b88,c03f1114,f088b960,c3a96caf,aa8d28ae,3fb19989,f986ca1a,57ee1fde,957532de,4b57e452,c03e2850,fe11caa6,b681e71e,d67d5f00,5056011d,2e171977,f5180fe6,69be866a,1647bd37,ce820073
829795,2015-05-10,Wankhede Stadium,Indian Premier League,T20,20,c4487b84,Royal Challengers Bangalore,133,61,19,4,0,0,0,0,0,1,0,0,182,0,8,190,db584dad,ba607b88,c03f1114,f088b960,c3a96caf,aa8d28ae,3fb19989,f986ca1a,57ee1fde,957532de,b5da6c24,89f64c19,740742ef,a757b0d8,dbe50b21,70d205c9,8b5b6769,4125d931,51a3c5ef,a12e1d51,462411b3
829803,2015-05-13,"Punjab Cricket Association Stadium, Mohali",Indian Premier League,T20,20,c4487b84,Royal Challengers Bangalore,10,10,1,0,0,0,0,0,0,1,0,0,11,0,8,19,db584dad,ba607b88,c3a96caf,c03f1114,f088b960,aa8d28ae,f986ca1a,3fb19989,57ee1fde,957532de,fe11caa6,c03e2850,b681e71e,d67d5f00,5056011d,2e171977,6eb146d2,26a85969,b56dc5f7,69be866a,ce820073
829807,2015-05-15,Rajiv Gandhi International Stadium,Indian Premier League,T20,20,c4487b84,Royal Challengers Bangalore,0,1,0,0,0,0,0,0,0,0,0,0,-2,0,0,-2,db584dad,ba607b88,c3a96caf,c03f1114,f088b960,aa8d28ae,3fb19989,f986ca1a,57ee1fde,66b30f71,dcce6f09,0a476045,32198ae0,d2a6c0e6,890946a0,b17e2f24,c18496e1,119678fd,2e81a32d,e938e1bc,8fd1a8f5
829813,2015-05-17,M Chinnaswamy Stadium,Indian Premier League,T20,20,c4487b84,Royal Challengers Bangalore,0,0,0,0,0,0,0,0,0,0,0,0,0,0,0,0,ba607b88,db584dad,c3a96caf,c03f1114,f088b960,aa8d28ae,3fb19989,f986ca1a,57ee1fde,66b30f71,372455c4,85ec8e33,2e8994e7,1c914163,99d63244,896d78ad,709b0bac,81049310,9d80c5e1,1558d83b,91a4a398
829819,2015-05-20,Maharashtra Cricket Association Stadium,Indian Premier League,T20,20,c4487b84,Royal Challengers Bangalore,66,40,4,4,0,0,0,0,0,2,0,0,90,0,16,106,db584dad,ba607b88,c3a96caf,c03f1114,f088b960,aa8d28ae,3fb19989,f986ca1a,57ee1fde,957532de,29e95537,4329fbb5,a4cc73aa,30a45b23,944533a5,73ad96ed,808f425a,bd17b45f,fb66ce1f,24d94623,d2a989fc
829821,2015-05-22,JSCA International Stadium Complex,Indian Premier League,T20,20,c4487b84,Royal Challengers Bangalore,1,3,0,0,0,0,0,0,0,0,0,0,1,0,0,1,db584dad,ba607b88,c3a96caf,c03f1114,f088b960,aa8d28ae,f986ca1a,3fb19989,957532de,57ee1fde,35205dfc,48fd7349,3355b542,1dc12ab9,4a8a2e3b,f62772e5,87e562a9,fe93fd9d,495d42a5,759ac88f,96fd40ae
980907,2016-04-12,M Chinnaswamy Stadium,Indian Premier League,T20,20,c4487b84,Royal Challengers Bangalore,82,44,7,6,0,0,0,0,0,2,0,0,115,0,16,131,db584dad,ba607b88,4329fbb5,f088b960,99d63244,bd17b45f,9170ff49,f986ca1a,350bb1b1,57ee1fde,dcce6f09,0a476045,32198ae0,890946a0,73ad96ed,d2a6c0e6,1c2a64cd,119678fd,96fd40ae,2e81a32d,0a8fce53
980921,2016-04-17,M Chinnaswamy Stadium,Indian Premier League,T20,20,c4487b84,Royal Challengers Bangalore,55,33,9,1,0,0,0,0,0,0,0,0,78,0,0,78,db584dad,ba607b88,4329fbb5,f088b960,99d63244,aa8d28ae,9170ff49,f986ca1a,57ee1fde,957532de,372455c4,85ec8e33,a4cc73aa,944533a5,2e8994e7,e342e5fb,fb66ce1f,f62772e5,91a4a398,6b19d823,8cf9814c
980927,2016-04-20,Wankhede Stadium,Indian Premier League,T20,20,c4487b84,Royal Challengers Bangalore,29,22,3,1,0,0,0,0,0,2,0,0,36,0,16,52,ba607b88,b17e2f24,4329fbb5,12b610c2,f088b960,bd17b45f,f986ca1a,dfc4d8b5,85aae393,0a3d54b9,740742ef,b5da6c24,70d205c9,99b75528,a757b0d8,dbe50b21,5b8c830e,8b5b6769,462411b3,51a3c5ef,13c35c9e
980931,2016-04-22,Maharashtra Cricket Association Stadium,Indian Premier League,T20,20,c4487b84,Royal Challengers Bangalore,83,46,6,4,0,0,0,0,0,2,0,0,111,0,16,127,ba607b88,b17e2f24,4329fbb5,f088b960,c3a96caf,bd17b45f,f986ca1a,dfc4d8b5,a03bba42,85aae393,29e95537,3355b542,39f01cdb,30a45b23,4a8a2e3b,0f12f9df,33a364a6,495d42a5,24d94623,e2db2409,5bb1a1c4
980937,2016-04-24,Saurashtra Cricket Association Stadium,Indian Premier League,T20,20,c4487b84,Royal Challengers Bangalore,20,16,2,0,0,0,0,0,0,1,0,0,22,0,8,30,ba607b88,4329fbb5,b17e2f24,f088b960,99d63244,bd17b45f,85aae393,57ee1fde,dfc4d8b5,a03bba42,35205dfc,b8a55852,1dc12ab9,c03f1114,fe93fd9d,87e562a9,b8d490fd,e938e1bc,d2a989fc,c8179c68,6aed7e79
980953,2016-04-30,Rajiv Gandhi International Stadium,Indian Premier League,T20,20,c4487b84,Royal Challengers Bangalore,47,33,3,2,0,0,0,0,0,2,0,0,60,0,16,76,ba607b88,b17e2f24,4329fbb5,dc9dd038,99d63244,9170ff49,0a3d54b9,f986ca1a,dfc4d8b5,a03bba42,dcce6f09,0a476045,d027ba9f,32198ae0,890946a0,73ad96ed,1c2a64cd,d8b2f218,2e81a32d,96fd40ae,0a8fce53
980959,2016-05-02,M Chinnaswamy Stadium,Indian Premier League,T20,20,c4487b84,Royal Challengers Bangalore,4,6,0,0,0,0,0,0,0,0,0,0,4,0,0,4,b17e2f24,db584dad,ba607b88,4329fbb5,dc9dd038,bd17b45f,0a3d54b9,957532de,57ee1fde,a03bba42,1c17e270,bb345e0b,45eda7c8,93b4fc78,3c6ffae8,bbd41817,271f83cd,98ae73b1,cc1e8c68,9d430b40,5bb5a915
980969,2016-05-07,M Chinnaswamy Stadium,Indian Premier League,T20,20,c4487b84,Royal Challengers Bangalore,1,3,0,0,0,0,0,0,0,0,0,0,1,0,0,1,ba607b88,b17e2f24,4329fbb5,12b610c2,dc9dd038,bd17b45f,9170ff49,ffe699c0,0a3d54b9,57ee1fde,29e95537,331ea488,709b0bac,4a8a2e3b,0f12f9df,5056011d,33a364a6,495d42a5,14f96089,66b30f71,c3d1402f
980977,2016-05-09,"Punjab Cricket Association IS Bindra Stadium, Mohali",Indian Premier League,T20,20,c4487b84,Royal Challengers Bangalore,64,35,5,2,0,0,0,0,0,0,0,0,87,0,0,87,ba607b88,b17e2f24,4329fbb5,dc9dd038,12b610c2,bd17b45f,ffe699c0,85aae393,0a3d54b9,57ee1fde,e798611a,4b57e452,fe11caa6,d67d5f00,d9273ee7,dce2019b,2e171977,759ac88f,69be866a,ce820073,edb3d4f8
980981,2016-05-11,M Chinnaswamy Stadium,Indian Premier League,T20,20,c4487b84,Royal Challengers Bangalore,24,27,1,1,0,0,0,0,0,2,0,0,27,0,16,43,ba607b88,db584dad,b17e2f24,4329fbb5,dc9dd038,bd17b45f,ffe699c0,957532de,0a3d54b9,57ee1fde,740742ef,b5da6c24,70d205c9,fb2d1dda,a757b0d8,99b75528,5b8c830e,8b5b6769,13c35c9e,51a3c5ef,462411b3
980987,2016-05-14,M Chinnaswamy Stadium,Indian Premier League,T20,20,c4487b84,Royal Challengers Bangalore,129,53,10,12,0,0,0,0,0,2,0,0,185,0,16,201,db584dad,ba607b88,4329fbb5,b17e2f24,dc9dd038,bd17b45f,ffe699c0,957532de,0a3d54b9,57ee1fde,35205dfc,b8a55852,fe93fd9d,c03f1114,b8d490fd,87e562a9,f10e94c4,e938e1bc,d2a989fc,6aed7e79,1da489ff
980995,2016-05-16,Eden Gardens,Indian Premier League,T20,20,c4487b84,Royal Challengers Bangalore,59,32,5,3,0,0,0,0,0,1,0,0,84,0,8,92,db584dad,ba607b88,4329fbb5,b17e2f24,dc9dd038,bd17b45f,ffe699c0,957532de,85aae393,57ee1fde,1c17e270,bb345e0b,93b4fc78,3c6ffae8,bbd41817,271f83cd,7dc35884,98ae73b1,9d430b40,db31895a,5bb5a915
980999,2016-05-18,M Chinnaswamy Stadium,Indian Premier League,T20,20,c4487b84,Royal Challengers Bangalore,0,2,0,0,0,0,0,0,0,3,0,0,-2,0,28,26,db584dad,ba607b88,b17e2f24,4329fbb5,dc9dd038,bd17b45f,ffe699c0,957532de,0a3d54b9,57ee1fde,4b57e452,e798611a,fe11caa6,d67d5f00,6eb146d2,2e171977,dce2019b,a9da7784,759ac88f,edb3d4f8,ce820073
981011,2016-05-22,Shaheed Veer Narayan Singh International Stadium,Indian Premier League,T20,20,c4487b84,Royal Challengers Bangalore,6,9,1,0,0,0,0,0,0,1,0,0,7,0,8,15,db584dad,ba607b88,b17e2f24,4329fbb5,bd17b45f,dc9dd038,ffe699c0,85aae393,957532de,57ee1fde,372455c4,919a3be2,944533a5,a4cc73aa,c16d4035,f62772e5,e342e5fb,fb66ce1f,81049310,6b19d823,91a4a398
981013,2016-05-24,M Chinnaswamy Stadium,Indian Premier League,T20,20,c4487b84,Royal Challengers Bangalore,79,48,5,5,0,0,0,0,0,1,0,0,106,0,8,114,db584dad,ba607b88,b17e2f24,4329fbb5,dc9dd038,bd17b45f,85aae393,ffe699c0,957532de,57ee1fde,b8d490fd,b8a55852,1dc12ab9,c03f1114,35205dfc,fe93fd9d,87e562a9,b274dbbd,e938e1bc,d2a989fc,c8179c68
981019,2016-05-29,M Chinnaswamy Stadium,Indian Premier League,T20,20,c4487b84,Royal Challengers Bangalore,5,6,0,0,0,0,0,0,0,0,0,0,5,0,0,5,db584dad,ba607b88,b17e2f24,4329fbb5,dc9dd038,bd17b45f,ffe699c0,85aae393,957532de,57ee1fde,dcce6f09,0a476045,32198ae0,1c914163,73ad96ed,2e11c706,890946a0,c18496e1,2e81a32d,d8b2f218,0a8fce53
